"work_id","orcid","work_title","general_info","publish_date","contributors","work_type","identifiers","url","lecturer_id","last_modified_date"
71,"0000-0002-5254-2800",Time series trend analysis based on K-means and Support Vector Machine,Computing and Informatics,"2016","",Journal article,"","",,2023-05-04
1,"0000-0001-8126-7644",The Predictive Modeling for Learning Student Results Based on Sequential Rules,"International Journal of Innovative Computing, Information and Control","2018","",Journal article,"","",,2023-05-04
2,"0000-0001-8126-7644",Applying the attributed prefix tree for mining closed sequential patterns,Vietnam Journal of Science and Technology,"2016","",Journal article,"","",,2023-05-04
3,"0000-0001-8126-7644",Efficiently Mining Sequential Generator Patterns Using Prefix Trees,Fundamenta Informaticae,"2015","",Journal article,"","",,2023-05-04
4,"0000-0001-8126-7644",An Efficient Algorithm for Mining Sequential Generator Pattern using Prefix-Trees and Hash Tables,International Journal of Intelligent Systems Technologies and Applications,"2014","",Journal article,"","",,2023-05-04
5,"0000-0001-8126-7644",An Efficient Method for Mining Non-Redundant Sequential Rules Using Prefix-Trees.,Engineering Applications of Artificial Intelligence,"2014","",Journal article,"","",,2023-05-04
6,"0000-0001-8126-7644",An Effective Algorithm for Mining Closed Sequential Patterns and Their Minimal Generators Based on Prefix-Trees,International Journal of Intelligent Information and Database Systems,"2013","",Journal article,"","",,2023-05-04
7,"0000-0001-8126-7644",An Efficient Algorithm for Mining Sequential Rules with Interestingness Measures,"International Journal of Innovative Computing, Information and Control","2013","",Journal article,"","",,2023-05-04
8,"0000-0001-8126-7644",A Novel Algorithm for Mining Sequential Generator Patterns,Computational Collective Intelligence Technologies and Applications (ICICIC 2012),"2012","",Conference paper,"","",,2023-05-04
9,"0000-0001-9579-4082",Correction of InconsistentSystems of Equations with the Matrix Block Structure,Institute of Advanced Scientific Research,"2019","",Online resource,"","",,2023-05-04
10,"0000-0001-9579-4082",Decomposition Approach For Correcting Inconsistency Systems Of Equations With The Matrix Block Structure,Institute of Advanced Scientific Research,"2019","",Online resource,"","",,2023-05-04
11,"0000-0001-9579-4082",Some results on the issues of correcting inconsistency systems of equations with the matrix block structure,Proceedings of the 2016 International Conference “Advanced Technology and Sustainable Development” (ICATSD2016),"2016","",Conference paper,"","",,2023-05-04
12,"0000-0001-9579-4082",Applying Quantum Computing in Cryptosystem,International Journal of Soft Computing,"2015","",Journal article,"","",,2023-05-04
13,"0000-0001-9579-4082",Evaluation of Security Level of cryptosystem ElGamal,"4th International Scientific Conference “Engineering & Technology in Russia and abroad”","2015","",Conference paper,"","",,2023-05-04
14,"0000-0001-9579-4082",Elliptic curve Diffie-Hellman key exchange algorithm over finite fields,"3rd International Scientific Conference “Modern trends in Technology”","2014","",Conference paper,"","",,2023-05-04
15,"0000-0001-9579-4082",Decomposition method in correction problems for inconsistent systems of linear inequalities with partitioned matrices,Computational Mathematics and Mathematical Physics,"2011","CONTRIBUTORS: Le Duy, N.",Journal article,EID: 2-s2.0-80053907351| DOI: 10.1134/S0965542511100083| ,http://www.scopus.com/inward/record.url?eid=2-s2.0-80053907351&partnerID=MN8TOARS,,2023-05-04
16,"0000-0001-9579-4082",Decomposition method in the problems of minimax correction of inconsistent equation systems with block structure matrices,"Bulletin of the Tver State University (Vestnik TGU), Applied Mathematics","2011","",Journal article,"","",,2023-05-04
17,"0000-0001-9579-4082",Коррекция несовместных систем линейных неравенств с матрицами блочной структуры по минимаксному критерию,"Сборник материалов Всероссийской конференции “Математика, информатика и методика их преподавания”","2011","",Conference abstract,"","",,2023-05-04
18,"0000-0001-9579-4082",НЕКОТОРЫЕ РЕЗУЛЬТАТЫ ПО ПРОБЛЕМАТИКЕ КОРРЕКЦИИ НЕСОВМЕСТНЫХ СИСТЕМ УРАВНЕНИЙ И НЕРАВЕНСТВ С МАТРИЦАМИ БЛОЧНОЙ СТРУКТУРЫ,CC RAS,"2011","",Book,"","",,2023-05-04
19,"0000-0001-9579-4082",Correction of inconsistent systems of linear inequalities with block matrices by minimax criterion,Moscow University Computational Mathematics and Cybernetics,"2011-12","",Journal article,Part of ISSN: 0278-6419| DOI: 10.3103/s027864191104008x| ,"",,2023-05-04
20,"0000-0001-9579-4082",Коррекция несовместных систем линейных неравенств с матрицами блочной структуры,научно-практическая конференция министерства высшего и среднего специального образования Республики Узбекистан,"2010","",Conference paper,"","",,2023-05-04
21,"0000-0003-0633-4426",Improving ModSecurity WAF Using a Structured-Language Classifier,"Future Data and Security Engineering. Big Data, Security and Privacy, Smart City and Industry 4.0 Applications","2021","",Book chapter,Part of ISSN: 1865-0929| DOI: 10.1007/978-981-16-8062-5_6| ,http://dx.doi.org/10.1007/978-981-16-8062-5_6,,2023-05-04
22,"0000-0003-0633-4426",Micraspis: A Computer-Aided Proposal Toward Programming and Architecting Smart IoT Wearables,IEEE Access,"2021",CONTRIBUTORS: Long-Phuoc Ton; Lam-Son Le; Minh-Son Nguyen,Journal article,| DOI: 10.1109/ACCESS.2021.3096749| ,https://doi.org/10.1109/ACCESS.2021.3096749,,2023-05-04
23,"0000-0003-0633-4426",AcadIUH: CÔNG CỤ HỖ TRỢ SINH VIÊN TẠI TRƯỜNG ĐẠI HỌC CÔNG NGHIỆP THÀNH PHỐ HỒ CHÍ MINH,Journal of Science and Technology - IUH,"2021-08-02","",Journal article,Part of ISSN: 2525-2267| DOI: 10.46242/jst-iuh.v50i08.979| ,http://dx.doi.org/10.46242/jst-iuh.v50i08.979,,2023-05-04
24,"0000-0003-0633-4426",Augmenting a Process Model with State Machine and Business Artifacts,"2019 International Conference on Advanced Computing and Applications (ACOMP)","2019-11","",Conference paper,ISBN: 9781728147239| DOI: 10.1109/acomp.2019.00009| ,http://dx.doi.org/10.1109/acomp.2019.00009,,2023-05-04
25,"0000-0003-0633-4426",Enacting a Rule-Based Alert Business Process in Smart Healthcare Using IoT Wearables,"2019 IEEE 23rd International Enterprise Distributed Object Computing Workshop (EDOCW)","2019-10","",Conference paper,ISBN: 9781728145983| DOI: 10.1109/edocw.2019.00029| ,http://dx.doi.org/10.1109/edocw.2019.00029,,2023-05-04
26,"0000-0003-0633-4426",Monitoring IoT Objects in Wearable Applications: An Alloy-Based Approach,"2018 International Conference on Advanced Computing and Applications (ACOMP)","2018-11","",Conference paper,ISBN: 9781538691861| DOI: 10.1109/acomp.2018.00014| ,http://dx.doi.org/10.1109/acomp.2018.00014,,2023-05-04
27,"0000-0003-0633-4426",Towards a Domain Specific Framework for Wearable Applications in Internet of Things,Future Data and Security Engineering,"2017","",Book chapter,Part of ISBN: 9783319700038| DOI: 10.1007/978-3-319-70004-5_22| ,http://dx.doi.org/10.1007/978-3-319-70004-5_22,,2023-05-04
135,"0000-0003-0100-4225",Performance Analysis of IEC 61850 based Substation Network based on RSTP and HSR,Korean Institute of Electrical Engineers Conference,"2012","",Conference paper,"","",,2023-05-04
28,"0000-0003-0633-4426",Software Abstraction for Casual Games Using Temporal Model: An Alloy-Based Approach,"2017 International Conference on Advanced Computing and Applications (ACOMP)","2017-11","",Conference paper,ISBN: 9781538606070| DOI: 10.1109/acomp.2017.33| ,http://dx.doi.org/10.1109/acomp.2017.33,,2023-05-04
29,"0000-0003-0633-4426",Re-engineering Enterprises Using Data Warehouse as a Driver and Requirements as an Enabler,"2017 IEEE 21st International Enterprise Distributed Object Computing Conference (EDOC)","2017-10","",Conference paper,ISBN: 9781509030453| DOI: 10.1109/edoc.2017.18| ,http://dx.doi.org/10.1109/edoc.2017.18,,2023-05-04
30,"0000-0003-0633-4426",MODEL CHECKING EARLY REQUIREMENTS SPECIFICATIONS IN ALLOY,Vietnam Journal of Science and Technology,"2016-03-20","",Journal article,Part of ISSN: 2525-2518| DOI: 10.15625/2525-2518/54/3a/11968| ,http://dx.doi.org/10.15625/2525-2518/54/3a/11968,,2023-05-04
31,"0000-0003-0633-4426",Linking Rules and Conceptual Model in a Domain Specific Language,"2015 International Conference on Advanced Computing and Applications (ACOMP)","2015-11","",Conference paper,ISBN: 9781467382342| DOI: 10.1109/acomp.2015.25| ,http://dx.doi.org/10.1109/acomp.2015.25,,2023-05-04
32,"0000-0002-9998-2328",An Efficient Method for Solving Router Placement Problem in Wireless Mesh Networks Using Multi-Verse Optimizer Algorithm,Sensors,"2022-07-23",CONTRIBUTORS: Le Huu Binh; Tung Khac Truong,Journal article,| DOI: 10.3390/s22155494| ,"",,2023-05-04
33,"0000-0002-9998-2328",Binary salp swarm algorithm for discounted {0-1} knapsack problem,PLOS ONE,"2022-04-07",CONTRIBUTORS: Binh Thanh Dang; Seyedali Mirjalili; Tung Khac Truong,Journal article,| DOI: 10.1371/journal.pone.0266537| ,"",,2023-05-04
34,"0000-0002-9998-2328",A New Moth-Flame Optimization Algorithm for Discounted {0-1} Knapsack Problem,Mathematical Problems in Engineering,"2021-11-01",CONTRIBUTORS: Tung Khac Truong; Mohammad Yazdi,Journal article,| DOI: 10.1155/2021/5092480| ,"",,2023-05-04
35,"0000-0002-9998-2328",A new flowchart for parameters calculation of Hybrid Active Power Filter with Injection Circuit,PLOS ONE,"2021-07-26",CONTRIBUTORS: Tung Khac Truong; Seyedali Mirjalili; Chau Minh Thuyen,Journal article,| DOI: 10.1371/journal.pone.0253275| ,"",,2023-05-04
36,"0000-0002-9998-2328",Different Transfer Functions for Binary Particle Swarm Optimization with a New Encoding Scheme for Discounted {0-1} Knapsack Problem,Mathematical Problems in Engineering,"2021-04-23",CONTRIBUTORS: Tung Khac Truong; Luigi Rodino,Journal article,| DOI: 10.1155/2021/2864607| ,"",,2023-05-04
37,"0000-0002-9998-2328",A new effective operator for the hybrid algorithm for solving global optimisation problems,International Journal of Systems Science,"2018","CONTRIBUTORS: Duc, L.A.; Li, K.; Nguyen, T.T.; Yen, V.M.; Truong, T.K.",Journal article,EID: 2-s2.0-85041538410| DOI: 10.1080/00207721.2018.1432780| ,"",,2023-05-04
38,"0000-0002-9998-2328",A novel binary social spider algorithm for 0-1 knapsack problem,"International Journal of Innovative Computing, Information and Control","2017","CONTRIBUTORS: Nguyen, P.H.; Wang, D.; Truong, T.K.",Journal article,| EID: 2-s2.0-85034228588| ,"",,2023-05-04
39,"0000-0002-9998-2328",Social spider algorithm-based spectrum allocation optimization for cognitive radio networks,International Journal of Applied Engineering Research,"2017","CONTRIBUTORS: Dang, B.T.; Vo, M.C.; Truong, T.K.",Journal article,| EID: 2-s2.0-85040118958| ,"",,2023-05-04
40,"0000-0002-9998-2328",A new hybrid particle swarm optimization and greedy for 0-1 knapsack problem,Indonesian Journal of Electrical Engineering and Computer Science,"2016","CONTRIBUTORS: Nguyen, P.H.; Wang, D.; Truong, T.K.",Journal article,EID: 2-s2.0-85014329571| DOI: 10.11591/ijeecs.v1.i3.pp411-418| ,"",,2023-05-04
41,"0000-0002-9998-2328",A parallel improved IWO algorithm on GPU for solving large scale global optimization problems,Journal of Intelligent and Fuzzy Systems,"2016","CONTRIBUTORS: Ouyang, A.; Peng, X.; Wang, Q.; Wang, Y.; Truong, T.K.",Journal article,EID: 2-s2.0-84988378044| DOI: 10.3233/JIFS-169033| ,"",,2023-05-04
42,"0000-0002-9998-2328",A fast and stable forecasting model to forecast power load,International Journal of Pattern Recognition and Artificial Intelligence,"2015","CONTRIBUTORS: Tan, L.-Z.; Ouyang, A.-J.; Peng, X.-Y.; Li, E.-X.; Truong, T.K.; Hao, L.",Journal article,EID: 2-s2.0-84928558534| DOI: 10.1142/S0218001415590053| ,"",,2023-05-04
43,"0000-0002-9998-2328",A hybrid algorithm based on particle swarm and chemical reaction optimization for multi-object problems,Applied Soft Computing Journal,"2015","CONTRIBUTORS: Li, Z.; Nguyen, T.T.; Chen, S.; Truong, T.K.",Journal article,EID: 2-s2.0-84937567692| DOI: 10.1016/j.asoc.2015.06.036| ,"",,2023-05-04
44,"0000-0002-9998-2328",Roller Bearing Fault Diagnosis Method Based on Chemical Reaction Optimization and Support Vector Machine,Journal of Computing in Civil Engineering,"2015","CONTRIBUTORS: Ao, H.; Cheng, J.; Zheng, J.; Truong, T.K.",Journal article,EID: 2-s2.0-84939440059| DOI: 10.1061/(ASCE)CP.1943-5487.0000394| ,"",,2023-05-04
45,"0000-0002-9998-2328",Solving 0-1 knapsack problem by artificial chemical reaction optimization algorithm with a greedy strategy,Journal of Intelligent and Fuzzy Systems,"2015","CONTRIBUTORS: Truong, T.K.; Li, K.; Xu, Y.; Ouyang, A.; Nguyen, T.T.",Journal article,EID: 2-s2.0-84942845377| DOI: 10.3233/IFS-141500| ,"",,2023-05-04
46,"0000-0002-9998-2328",The support vector machine parameter optimization method based on artificial chemical reaction optimization algorithm and its application to roller bearing fault diagnosis,JVC/Journal of Vibration and Control,"2015","CONTRIBUTORS: Ao, H.; Cheng, J.; Yang, Y.; Truong, T.K.",Journal article,EID: 2-s2.0-84937574471| DOI: 10.1177/1077546313511841| ,"",,2023-05-04
47,"0000-0002-9998-2328",A hybrid algorithm based on particle swarm and chemical reaction optimization,Expert Systems with Applications,"2014","CONTRIBUTORS: Nguyen, T.T.; Li, Z.; Zhang, S.; Truong, T.K.",Journal article,EID: 2-s2.0-84890117858| DOI: 10.1016/j.eswa.2013.09.012| ,"",,2023-05-04
48,"0000-0002-9998-2328",A parallel chemical reaction optimization for multiple choice knapsack problem,Communications in Computer and Information Science,"2014","CONTRIBUTORS: Truong, T.K.; Salah, A.; Xu, Y.; Fan, S.",Book,EID: 2-s2.0-84940289615| DOI: 10.1007/978-3-642-53962-6| ,"",,2023-05-04
49,"0000-0002-9998-2328",A roller bearing fault diagnosis method based on LCD energy entropy and ACROA-SVM,Shock and Vibration,"2014","CONTRIBUTORS: Ao, H.L.; Cheng, J.; Li, K.; Truong, T.K.",Journal article,EID: 2-s2.0-84898031336| DOI: 10.1155/2014/825825| ,"",,2023-05-04
50,"0000-0002-9998-2328",A survey of using weakly supervised and semi-supervised for cross-domain sentiment classification,Advanced Materials Research,"2014","CONTRIBUTORS: Dau, H.M.; Xu, N.; Truong, T.K.",Book,EID: 2-s2.0-84901724005| DOI: 10.4028/www.scientific.net/AMR.905.637| ,"",,2023-05-04
51,"0000-0002-9998-2328",Hybrid particle swarm optimization for parameter estimation of Muskingum model,Neural Computing and Applications,"2014","CONTRIBUTORS: Ouyang, A.; Li, K.; Truong, T.K.; Sallam, A.; Sha, E.H.-M.",Journal article,EID: 2-s2.0-84920257757| DOI: 10.1007/s00521-014-1669-y| ,"",,2023-05-04
77,"0000-0003-3351-5994",Factors influencing Ho Chi Minh City Consumers’ intention to buy organic foods based on the S-O-R model,Journal of Science and Technology - Industrial University of HCMC,"2018-02-01","",Journal article,"","",,2023-05-04
52,"0000-0002-9998-2328",A DAG scheduling scheme on heterogeneous computing systems using double molecular structure-based chemical reaction optimization,Journal of Parallel and Distributed Computing,"2013","CONTRIBUTORS: Xu, Y.; Li, K.; He, L.; Truong, T.K.",Journal article,EID: 2-s2.0-84879610933| DOI: 10.1016/j.jpdc.2013.05.005| ,"",,2023-05-04
80,"0000-0003-3351-5994",Measuring the ICT maturity of enterprises under uncertainty using group fuzzy ANP,Journal of Machine Learning and Computing Vol.3 No.6,"2013-12-01","",Journal article,"","",,2023-05-04
53,"0000-0002-9998-2328",Chemical reaction optimization with greedy strategy for the 0-1 knapsack problem,Applied Soft Computing Journal,"2013","CONTRIBUTORS: Truong, T.K.; Li, K.; Xu, Y.",Journal article,EID: 2-s2.0-84873627385| DOI: 10.1016/j.asoc.2012.11.048| ,"",,2023-05-04
54,"0000-0003-0984-3912",Apply deep learning to improve the question analysis model in the Vietnamese question answering system,International Journal of Electrical and Computer Engineering (IJECE),"2023-06-01",CONTRIBUTORS: Dang Thi Phuc; Dang Van Nghiem; Bui Binh Minh; Tran My Linh; Dau Sy Hieu,Journal article,| DOI: 10.11591/ijece.v13i3.pp3311-3321| ,"",,2023-05-04
55,"0000-0003-0984-3912",A Novel Approach for Vietnamese Speech Recognition Using Conformer,"","2022",CONTRIBUTORS: Nguyen Van Anh Tuan; Nguyen Thi Thanh Hoa; Nguyen Thanh Dat; Pham Minh Tuan; Dao Duy Truong; Dang Thi Phuc,Book chapter,| DOI: 10.1007/978-981-19-8069-5_53| ,"",,2023-05-04
56,"0000-0003-0984-3912",Video captioning in Vietnamese using deep learning,International Journal of Electrical and Computer Engineering,"2022","CONTRIBUTORS: Phuc, D.T.; Trieu, T.Q.; Van Tinh, N.; Hieu, D.S.",Journal article,EID: 2-s2.0-85126428633| DOI: 10.11591/ijece.v12i3.pp3092-3103| ,"",,2023-05-04
57,"0000-0003-0984-3912",Grid search of multilayer perceptron based on the walk-forward validation methodology,International Journal of Electrical and Computer Engineering,"2021","CONTRIBUTORS: Ngoc, T.T.; van Dai, L.; Phuc, D.T.",Journal article,EID: 2-s2.0-85097849218| DOI: 10.11591/ijece.v11i2.pp1742-1751| ,"",,2023-05-04
58,"0000-0003-0984-3912",РЕШЕНИЕ ЗАДАЧ ИДЕНТИФИКАЦИИ МАТЕМАТИЧЕСКИХ МОДЕЛЕЙ ОБЪЕКТОВ И ПРОЦЕССОВ МЕТОДОМ СИМВОЛЬНОЙ РЕГРЕССИИ,"","2018","",Journal article,| Part of ISSN: 2409-031X| ,"",,2023-05-04
59,"0000-0003-0984-3912",A problem of identification control synthesis for mobile robot by the network operator method,"Proceedings of the 2016 IEEE 11th Conference on Industrial Electronics and Applications, ICIEA 2016","2016","CONTRIBUTORS: Dang, T.P.; Diveev, A.I.; Sofronova, E.A.",Conference paper,EID: 2-s2.0-84997094796| DOI: 10.1109/ICIEA.2016.7603997| ,"",,2023-05-04
60,"0000-0003-0984-3912",Identification control synthesis by the network operator method,"Proceedings of the 2015 10th IEEE Conference on Industrial Electronics and Applications, ICIEA 2015","2015","CONTRIBUTORS: Dang, T.P.; Diveev, A.I.; Kazaryan, D.E.; Sofronova, E.A.",Conference paper,EID: 2-s2.0-84960871340| DOI: 10.1109/ICIEA.2015.7334357| ,"",,2023-05-04
61,"0000-0003-0984-3912",Метод сетевого оператора для решения задачи синтеза идентификационного управления мобильным роботом,"","2015","",Journal article,| Part of ISSN: 0869-6101| ,"",,2023-05-04
62,"0000-0003-0984-3912",ЗАДАЧА СИНТЕЗА ИДЕНТИФИКАЦИОННОГО УПРАВЛЕНИЯ И ЕЕ РЕШЕНИЕ МЕТОДОМ СЕТЕВОГО ОПЕРАТОРА,"","2014-11-23","",Journal article,| Part of ISSN: 2070-7428| ,"",,2023-05-04
63,"0000-0003-0984-3912",СИНТЕЗ ИДЕНТИФИКАЦИОННОГО УПРАВЛЕНИЯ МОБИЛЬНЫМ РОБОТОМ МЕТОДОМ СЕТЕВОГО ОПЕРАТОРА,"","2014-04-22","",Journal article,| Part of ISSN: 2070-7428| ,"",,2023-05-04
64,"0000-0003-0984-3912",ПОВЫШЕНИЕ КАЧЕСТВА РЕШЕНИЯ ЗАДАЧИ ИДЕНТИФИКАЦИИ МОДЕЛИ СИСТЕМЫ УПРАВЛЕНИЯ МЕТОДОМ СЕТЕВОГО ОПЕРАТОРА,"","2013-12-19","",Journal article,| Part of ISSN: ISSN 2070-7428| ,"",,2023-05-04
65,"0000-0002-7551-1388",A new effective operator for the hybrid algorithm for solving global optimisation problems,International Journal of Systems Science,"2018","CONTRIBUTORS: Duc, L.A.; Li, K.; Nguyen, T.T.; Yen, V.M.; Truong, T.K.",Journal article,EID: 2-s2.0-85041538410| DOI: 10.1080/00207721.2018.1432780| ,"",,2023-05-04
66,"0000-0002-7551-1388",Uncertainty Analysis on Vehicle-Bridge System with Correlative Interval Variables Based on Multidimensional Parallelepiped Model,International Journal of Computational Methods,"2018","CONTRIBUTORS: Truong, V.H.; Liu, J.; Meng, X.; Jiang, C.; Nguyen, T.T.",Journal article,EID: 2-s2.0-85030323339| DOI: 10.1142/S0219876218500305| ,"",,2023-05-04
67,"0000-0002-7551-1388",A hybrid algorithm based on particle swarm and chemical reaction optimization for multi-object problems,Applied Soft Computing Journal,"2015","CONTRIBUTORS: Li, Z.; Nguyen, T.T.; Chen, S.; Truong, T.K.",Journal article,EID: 2-s2.0-84937567692| DOI: 10.1016/j.asoc.2015.06.036| ,"",,2023-05-04
68,"0000-0002-7551-1388",Orthogonal chemical reaction optimization algorithm for global numerical optimization problems,Expert Systems with Applications,"2015","CONTRIBUTORS: Li, Z.; Li, Z.; Nguyen, T.T.; Chen, S.",Journal article,EID: 2-s2.0-84921033033| DOI: 10.1016/j.eswa.2014.11.045| ,"",,2023-05-04
69,"0000-0002-7551-1388",Solving 0-1 knapsack problem by artificial chemical reaction optimization algorithm with a greedy strategy,Journal of Intelligent and Fuzzy Systems,"2015","CONTRIBUTORS: Truong, T.K.; Li, K.; Xu, Y.; Ouyang, A.; Nguyen, T.T.",Journal article,EID: 2-s2.0-84942845377| DOI: 10.3233/IFS-141500| ,"",,2023-05-04
70,"0000-0002-7551-1388",A hybrid algorithm based on particle swarm and chemical reaction optimization,Expert Systems with Applications,"2014","CONTRIBUTORS: Nguyen, T.T.; Li, Z.; Zhang, S.; Truong, T.K.",Journal article,EID: 2-s2.0-84890117858| DOI: 10.1016/j.eswa.2013.09.012| ,"",,2023-05-04
72,"0000-0002-5254-2800",A Turning Points Method for Stream Time Series Prediction,"International Journal of Innovative Computing, Information and Control","2014","",Journal article,"","",,2023-05-04
73,"0000-0002-5254-2800",Dimensionality Reduction by Turning Points for Stream Time Series Prediction,Advanced Methods for Computational Collective Intelligence,"2013","",Journal article,"","",,2023-05-04
74,"0000-0002-5254-2800",Prediction Techniques based on Linear Regression and Sequential Minimal Optimization for Stream Time Series,ICIC Letter Express: An International Journal of Research and Surveys,"2013","",Journal article,"","",,2023-05-04
75,"0000-0002-5254-2800",Stream Time Series Approach for Supporting Business Intelligence,International Journal of Database Theory and Application,"2013","",Journal article,"","",,2023-05-04
76,"0000-0001-6703-7252",A Framework for Generating Graphic User Interface Source Code from UML Class Diagram,JOURNAL OF SCIENCE,"2017-12-01","",Journal article,"","",,2023-05-04
78,"0000-0003-3351-5994","The impacts of economic animosity, ethnocentrism and product judgemen on consumers’ unwillingness to buy foreign products – a study in Ho Chi Minh city",Journal of Science and Technology - Industrial University of HCMC,"2018-02-01","",Journal article,"","",,2023-05-04
79,"0000-0003-3351-5994",A New Approach for Dealing with Uncertain Degree in Group Judgment Aggregation using Triangular Intuitionistic Fuzzy Numbers,International Journal of Soft Computing and Engineering,"2014-05-01","",Journal article,"","",,2023-05-04
81,"0000-0003-3085-929X",Automatically translate wordNet into Vietnamese,Automatically translate wordNet into Vietnamese,"2013","",Newspaper article,"","",,2023-05-04
82,"0000-0003-3085-929X",Access 2003,Industrial University of Ho Chi minh,"2003","",Book,"","",,2023-05-04
83,"0000-0002-0034-5039",Performance and security-enhanced fuzzy vault scheme based on ridge features for distorted fingerprints,IET Biometrics,"2015","CONTRIBUTORS: Nguyen, T.H.; Wang, Y.; Ha, Y.; Li, R.",Journal article,EID: 2-s2.0-84988293983| DOI: 10.1049/iet-bmt.2014.0026| ,"",,2023-05-04
84,"0000-0002-0034-5039",A fingerprint fuzzy vault scheme using a fast chaff point generation algorithm,"2013 IEEE International Conference on Signal Processing, Communications and Computing, ICSPCC 2013","2013","CONTRIBUTORS: Nguyen, T.H.; Wang, Y.; Nguyen, T.N.; Li, R.",Conference paper,EID: 2-s2.0-84892527521| DOI: 10.1109/ICSPCC.2013.6664061| ,"",,2023-05-04
85,"0000-0002-0034-5039",An improved ridge features extraction algorithm for distorted fingerprints matching,Journal of Information Security and Applications,"2013","CONTRIBUTORS: Nguyen, T.H.; Wang, Y.; Li, R.",Conference paper,EID: 2-s2.0-84906822843| DOI: 10.1016/j.jisa.2013.11.001| ,"",,2023-05-04
86,"0000-0002-0034-5039",Improved chaff point generation for vault scheme in bio-cryptosystems,IET Biometrics,"2013","CONTRIBUTORS: Nguyen, T.H.; Wang, Y.; Ha, Y.; Li, R.",Journal article,EID: 2-s2.0-84879385486| DOI: 10.1049/iet-bmt.2012.0060| ,"",,2023-05-04
87,"0000-0002-0034-5039",An Improved Chaff Point Generation for Vault Scheme in Bio-cryptosystems,IET Biometrics,"2013-06","",Journal article,"","",,2023-05-04
88,"0000-0002-2055-6255",A Novel Solution for Virtual Server on the Data Consistency Maintenance in Cloud Storage Systems,Advances in Intelligent Systems and Computing,"2020","CONTRIBUTORS: Doan, V.T.; Khang, V.Q.H.; Nguyen, H.H.C.; Huynh, C.P.; Meesad, P.",Book,EID: 2-s2.0-85065905665| DOI: 10.1007/978-3-030-19861-9_22| ,"",,2023-05-04
89,"0000-0002-2055-6255",Open Stack: Resources Allocation for Distributed Virtual Machine Peer to Peer,Advances in Intelligent Systems and Computing,"2020","CONTRIBUTORS: Nguyen, H.M.; Van Doan, T.; Le, D.-N.; Nguyen, H.H.C.; Nguyen, X.H.",Book,EID: 2-s2.0-85075654927| DOI: 10.1007/978-981-32-9186-7_35| ,"",,2023-05-04
90,"0000-0002-2055-6255",Algebraic Operations in Fuzzy Object-Oriented Databases Based on Hedge Algebras,"Lecture Notes of the Institute for Computer Sciences, Social-Informatics and Telecommunications Engineering, LNICST","2018","CONTRIBUTORS: Van Thang, D.",Book,EID: 2-s2.0-85044466921| DOI: 10.1007/978-3-319-77818-1_12| ,"",,2023-05-04
91,"0000-0002-2055-6255",Deadlock Avoidance for Resource Allocation Model V VM-out-of-N PM,Context-Aware Systems and Applications,"2017",CONTRIBUTORS: Ha Huy Cuong Nguyen; Hoang Dung Tran; Van Thang Doan; Vu Thi Phuong Anh,Other,| DOI: 10.1007/978-3-319-56357-2_18| ,"",,2023-05-04
92,"0000-0002-2055-6255",Inheritance hierarchies based on approach to hedge algebras,"2017 Seventh International Conference on Information Science and Technology (ICIST)","2017-04",CONTRIBUTORS: Doan Van Thang; Nguyen Xuan Nhut,Conference paper,| DOI: 10.1109/icist.2017.7926789| ,"",,2023-05-04
93,"0000-0002-2055-6255",Fuzzy object dependencies and linguistic quantifier,"2016 13th International Joint Conference on Computer Science and Software Engineering, JCSSE 2016","2016","CONTRIBUTORS: Van Thang, D.; Manh, T.Q.; Van Han, N.",Conference paper,EID: 2-s2.0-85006852249| DOI: 10.1109/JCSSE.2016.7748890| ,"",,2023-05-04
94,"0000-0002-2055-6255","2nd International Conference on Future Data and Security Engineering, FDSE 2015",Lecture Notes in Computer Science (including subseries Lecture Notes in Artificial Intelligence and Lecture Notes in Bioinformatics),"2015","",Book,| EID: 2-s2.0-84951950434| ,"",,2023-05-04
95,"0000-0002-2055-6255",Defining membership functions in fuzzy object-oriented database model,Lecture Notes in Computer Science (including subseries Lecture Notes in Artificial Intelligence and Lecture Notes in Bioinformatics),"2015","CONTRIBUTORS: Van Thang, D.; Quoc, D.C.",Book,EID: 2-s2.0-84951937775| DOI: 10.1007/978-3-319-26135-5_23| ,"",,2023-05-04
96,"0000-0002-2055-6255",Dependence fuzzy objects,International Conference on Advanced Technologies for Communications,"2015","CONTRIBUTORS: Thang, D.V.",Conference paper,EID: 2-s2.0-84940509705| DOI: 10.1109/ATC.2014.7043376| ,"",,2023-05-04
97,"0000-0002-2055-6255",Definition membership function based on approach to hedge algebras,Journal of Computer Science and Cybernetics,"2015-12","",Journal article,"","",,2023-05-04
98,"0000-0002-2055-6255",Membership function in fuzzy object-oriented databases,"2015 International Conference on Advanced Technologies for Communications (ATC)","2015-10",CONTRIBUTORS: Doan Van Thang; Nguyen Xuan Nhut,Conference paper,| DOI: 10.1109/atc.2015.7388425| ,"",,2023-05-04
99,"0000-0002-2055-6255",Fuzzy dependencies in approximation semantic based on the hedge algebras approach.,JCC,"2013-04",CONTRIBUTORS: Đoàn Văn Ban; Trương Công Tuấn; Đoàn Văn Thắng,Journal article,| DOI: 10.15625/1813-9663/29/1/2885| ,"",,2023-05-04
100,"0000-0002-2055-6255",Querying data with fuzzy information in object-oriented databases based on hedge algebraic semantic,"Proceedings - 4th International Conference on Knowledge and Systems Engineering, KSE 2012","2012","CONTRIBUTORS: Ban, D.V.; Tuan, T.C.; Thang, D.V.",Conference paper,EID: 2-s2.0-84868305312| DOI: 10.1109/KSE.2012.13| ,"",,2023-05-04
101,"0000-0002-2055-6255",Approximate answers to null queries with incomplete fuzzy information in object oriented database,JCC,"2012-04",CONTRIBUTORS: Đoàn Văn Ban; Trương Công Tuấn; Đoàn Văn Thắng,Journal article,| DOI: 10.15625/1813-9663/27/4/597| ,"",,2023-05-04
102,"0000-0003-1457-1819",Fully automated MR liver volumetry using watershed segmentation coupled with active contouring,International Journal of Computer Assisted Radiology and Surgery,"2017-02","",Journal article,Part of ISSN: 1861-6410| DOI: 10.1007/s11548-016-1498-9| ,"",,2023-05-04
103,"0000-0003-1457-1819",Liver Tumor Segmentation from MR Images Using 3D Fast Marching Algorithm and Single Hidden Layer Feedforward Neural Network,BioMed Research International,"2016","",Journal article,Part of ISSN: 2314-6133| DOI: 10.1155/2016/3219068| ,"",,2023-05-04
104,"0000-0003-1457-1819",Fully automatic scheme for measuring liver volume in 3D MR images,Bio-Medical Materials and Engineering,"2015-08-17","",Journal article,| DOI: 10.3233/BME-151434| ,"",,2023-05-04
105,"0000-0002-2078-3562",THE PREDICTIVE MODELING FOR LEARNING STUDENT RESULTS BASED ON SEQUENTIAL RULES,"International Journal of Innovative Computing, Information and Control (IJICIC)","2018-12","",Journal article,"","",,2023-05-04
106,"0000-0003-1740-096X",Preliminary Research for Anomaly Detection in Fog-Based E-Assessment Systems,"","2021",CONTRIBUTORS: Hoang-Nam Pham-Nguyen,Book chapter,| DOI: 10.1007/978-981-16-8062-5_34| ,"",,2023-05-04
107,"0000-0003-1740-096X",Traffic Condition Estimation Based on Historical Data Analysis,ICCE 2020 - 2020 IEEE 8th International Conference on Communications and Electronics,"2021","CONTRIBUTORS: Tan, H.M.; Pham-Nguyen, H.-N.; Minh, Q.T.; Nguyen Huu, P.",Conference paper,EID: 2-s2.0-85102000083| DOI: 10.1109/ICCE48956.2021.9352107| ,"",,2023-05-04
138,"0000-0003-0100-4225",Performance Analysis of Ant-based Routing Algorithms for MANETs,"International Conference on Electronics, Informations and Communications (ICEIC 2008)","2008","",Conference paper,"","",,2023-05-04
108,"0000-0003-1740-096X",Mining Urban Traffic Condition from Crowd-Sourced Data,SN Computer Science,"2020-07",CONTRIBUTORS: Ha Mai-Tan; Hoang-Nam Pham-Nguyen; Nguyen Xuan Long; Quang Tran Minh,Journal article,| DOI: 10.1007/s42979-020-00244-6| ,"",,2023-05-04
109,"0000-0003-1740-096X",Traffic Congestion Estimation Based on Crowd-Sourced Data,"Proceedings - 2019 International Conference on Advanced Computing and Applications, ACOMP 2019","2019","CONTRIBUTORS: Tran Minh, Q.; Pham-Nguyen, H.-N.; Mai Tan, H.; Xuan Long, N.",Conference paper,EID: 2-s2.0-85083271316| DOI: 10.1109/ACOMP.2019.00026| ,"",,2023-05-04
110,"0000-0003-1740-096X",Dynamic Resource Provisioning on Fog Landscapes,Security and Communication Networks,"2019-05-02","",Journal article,Part of ISSN: 1939-0114| DOI: 10.1155/2019/1798391| ,"",,2023-05-04
111,"0000-0003-1740-096X",A Supporting Automatically Mechanism for Data Owner Preventing Personal Privacy from Colluding Attack on Online Social Networks,Future Data and Security Engineering,"2016","",Conference paper,| Part of ISBN: 978-3-319-48057-2| ,"",,2023-05-04
112,"0000-0003-1740-096X",An Enhancement of the Rew-XAC Model for Workflow Data Access Control in Healthcare,Future Data and Security Engineering,"2016","",Conference paper,| Part of ISBN: 978-3-319-48057-2| ,"",,2023-05-04
113,"0000-0001-9512-0221",Predicting Traveler Movement Based on a Hybrid Model of Hierarchical Clustering and Bayesian Network,Advanced Science Letters,"2016-09-01","",Journal article,Part of ISSN: 1936-6612| DOI: 10.1166/asl.2016.7064| ,"",,2023-05-04
114,"0000-0001-9512-0221",Improving Utilization of GPS Data for Urban Traffic Applications,"International Journal of Internet, Broadcasting and Communication","2015-02-28","",Journal article,| DOI: 10.7236/IJIBC.2015.7.1.6| ,"",,2023-05-04
115,"0000-0001-9512-0221",Predicting Bus Arrival Time base on Artificial Neural Network and Global Positioning System Data Cluster,"","2014","",Conference paper,"","",,2023-05-04
116,"0000-0001-5943-2914",An expert system for diabetics microvascular complicated Diagnsis,International Journal of computer science Issues,"2013-07","",Journal article,"","",,2023-05-04
117,"0000-0003-1378-752X",W-PathSim: Novel Approach of Weighted Similarity Measure in Content-Based Heterogeneous Information Networks by Applying LDA Topic Modeling,Intelligent Information and Database Systems,"2018","",Book chapter,Part of ISBN: 9783319754161| DOI: 10.1007/978-3-319-75417-8_51| ,"",,2023-05-04
118,"0000-0003-1378-752X",Automatic Extraction of Semantic Relations from Text Documents,Future Data and Security Engineering,"2016","",Book chapter,Part of ISBN: 9783319480565| DOI: 10.1007/978-3-319-48057-2_24| ,"",,2023-05-04
119,"0000-0003-1378-752X",An Approach for Searching Semantic-based Keywords over Relational Database,Proceedings of the Sixth International Symposium on Information and Communication Technology - SoICT 2015,"2015","",Conference paper,ISBN: 9781450338431| DOI: 10.1145/2833258.2833263| ,"",,2023-05-04
120,"0000-0003-1378-752X",Automatic Evaluation of the Computing Domain Ontology,Future Data and Security Engineering,"2015","",Book chapter,Part of ISBN: 9783319261348| DOI: 10.1007/978-3-319-26135-5_21| ,"",,2023-05-04
121,"0000-0003-1378-752X",Improving the Algorithm for Mapping of OWL to Relational Database Schema,Machine Learning and Data Mining in Pattern Recognition,"2015","",Book chapter,Part of ISBN: 9783319210230| DOI: 10.1007/978-3-319-21024-7_9| ,"",,2023-05-04
122,"0000-0003-1378-752X",Identifying semantic and syntactic relations from text documents,"The 2015 IEEE RIVF International Conference on Computing & Communication Technologies - Research, Innovation, and Vision for Future (RIVF)","2015-01","",Conference paper,ISBN: 9781479980437| DOI: 10.1109/rivf.2015.7049887| ,"",,2023-05-04
123,"0000-0002-6434-9426",Coreference resolution Ontology-based in sentiment analysis,Science and Technology Development Journal,"2019-04-15","",Journal article,Part of ISSN: 1859-0128| DOI: 10.32508/stdj.v20ik9.1673| ,"",,2023-05-04
124,"0000-0002-6434-9426",Instance-Based Enrichment of Sentiment Ontology,"2019 IEEE-RIVF International Conference on Computing and Communication Technologies (RIVF)","2019-03","",Conference paper,ISBN: 9781538693131| DOI: 10.1109/rivf.2019.8713662| ,"",,2023-05-04
125,"0000-0002-6434-9426",Ontology-Based Entity Coreference Resolution For Sentiment Analysis,Proceedings of the Eighth International Symposium on Information and Communication Technology - SoICT 2017,"2017","",Conference paper,ISBN: 9781450353281| DOI: 10.1145/3155133.3155168| ,"",,2023-05-04
126,"0000-0002-6434-9426",Sentiment Analysis Using Anaphoric Coreference Resolution and Ontology Inference,Lecture Notes in Computer Science,"2016","",Book,ISBN: 9783319493961| DOI: 10.1007/978-3-319-49397-8_26| ,"",,2023-05-04
127,"0000-0002-2668-5998",A data aggregation based efficient clustering scheme in underwater wireless sensor networks,"","2014","CONTRIBUTORS: Tran, K.T.-M.; Oh, S.-H.",Book,Part of ISSN: 18761100 18761119| DOI: 10.1007/978-3-642-41671-2-69| 2-s2.0-84893806846,"",,2023-05-04
128,"0000-0002-2668-5998",UWSNs: A Round-Based Clustering Scheme for Data Redundancy Resolve,International Journal of Distributed Sensor Networks,"2014-04-01",CONTRIBUTORS: Khoa Thi-Minh Tran; Seung-Hyun Oh,Journal article,| DOI: 10.1155/2014/383912| ,"",,2023-05-04
129,"0000-0002-2668-5998",A comparative analysis of similarity functions of data aggregation for underwater wireless sensor networks,International Journal of Digital Content Technology and its Applications,"2013","CONTRIBUTORS: Khoa, T.T.M.",Journal article,| DOI: 10.4156/jdcta.vol7.issue2.99| ,"",,2023-05-04
130,"0000-0002-2668-5998",A cooperative MAC scheduling scheme for underwater sensor networks,"","2013","CONTRIBUTORS: Tran, K.T.M.; Oh, S.H.",Book,Part of ISSN: 16609336 16627482| DOI: 10.4028/www.scientific.net/AMM.295-298.903| 2-s2.0-84874876354,"",,2023-05-04
131,"0000-0002-2668-5998",Well-suited similarity functions for data aggregation in cluster-based underwater wireless sensor networks,International Journal of Distributed Sensor Networks,"2013","CONTRIBUTORS: Tran, K.T.-M.; Oh, S.-H.; Byun, J.-Y.",Journal article,| DOI: 10.1155/2013/645243| ,"",,2023-05-04
132,"0000-0003-0100-4225",Latency and Traffic Reduction for Process-Level Network in Smart Substation based on High-availability Seamless Redundancy,IEEE Transactions on Industrial Electronics,"2016","",Journal article,"","",,2023-05-04
133,"0000-0003-0100-4225",An Improved High-availability Seamless Redundancy (HSR) for dependable Substation Automation System,IEEE,"2014","",Journal article,"","",,2023-05-04
134,"0000-0003-0100-4225",Application of High Availability Automation Networks in IEC 61850 based Substation Automation System,Korean Institute of Electrical Engineers Conference,"2013","",Conference paper,"","",,2023-05-04
136,"0000-0003-0100-4225",Effect of Transmission Rates on the Performance of Ant-Based Routing Algorithms for MANETs,"International Conference on Mobile Ubiquitous Computing, Systems, Services and Technologies, UBICOMM'09","2009","",Conference paper,"","",,2023-05-04
137,"0000-0003-0100-4225",An efficient Ant-based Routing Algorithm for MANETs,The 10th International Conference on Advanced Communication Technology (ICACT 2008),"2008","",Conference paper,"","",,2023-05-04
139,"0000-0003-0100-4225",Scalability Issue of Ant-based Routing Algorithms for MANETs,"International Technical Conference on Circuits/Systems, Computers and Communications (ITC-CSCC 2008)","2008","",Conference paper,"","",,2023-05-04
140,"0000-0003-0100-4225",Routing in MANET Using Ant Colony Optimization,"International Technical Conference on Circuits Systems, Computers and Communications (ITC-CSCC 2007)","2007","",Conference paper,"","",,2023-05-04
